lock,workload,threads,records,skew,mops,p999_us,read_retries,write_retries,batched_cs,batches,avg_batch
mcsrw,balanced,16,2000000,0.10,2.012,884.61,0,0,0,0,0.0
optiql,balanced,16,2000000,0.10,9.673,15.12,11437560,0,0,0,0.0
opal,balanced,16,2000000,0.10,12.701,8.22,45960571,0,7394900,2401,3079.9
mcsrw,balanced,32,2000000,0.10,0.002,511446.44,0,0,0,0,0.0
optiql,balanced,32,2000000,0.10,6.946,0.96,10741,0,0,0,0.0
opal,balanced,32,2000000,0.10,4.343,11.80,204506510,0,2567308,4537,565.9
mcsrw,balanced,48,2000000,0.10,0.001,1158177.89,0,0,0,0,0.0
optiql,balanced,48,2000000,0.10,4.842,0.98,2504084,0,0,0,0.0
opal,balanced,48,2000000,0.10,4.538,7.97,391774430,0,2631200,4426,594.5
mcsrw,balanced,64,2000000,0.10,0.002,927377.10,0,0,0,0,0.0
optiql,balanced,64,2000000,0.10,5.219,0.93,1702,0,0,0,0.0
opal,balanced,64,2000000,0.10,4.014,8.19,197475619,0,2418511,574,4213.4
mcsrw,update-heavy,16,2000000,0.10,3.479,96.34,0,0,0,0,0.0
optiql,update-heavy,16,2000000,0.10,9.567,11.94,4846089,0,0,0,0.0
opal,update-heavy,16,2000000,0.10,10.727,7.19,12800569,0,9958545,1670,5963.2
mcsrw,update-heavy,32,2000000,0.10,0.003,351824.18,0,0,0,0,0.0
optiql,update-heavy,32,2000000,0.10,6.461,1.01,3067,0,0,0,0.0
opal,update-heavy,32,2000000,0.10,4.579,7.53,107485413,0,4408828,736,5990.3
mcsrw,update-heavy,48,2000000,0.10,0.001,1035469.55,0,0,0,0,0.0
optiql,update-heavy,48,2000000,0.10,5.190,0.96,2506922,0,0,0,0.0
opal,update-heavy,48,2000000,0.10,3.838,7.16,175145928,0,3611563,9550,378.2
mcsrw,update-heavy,64,2000000,0.10,0.001,962076.91,0,0,0,0,0.0
optiql,update-heavy,64,2000000,0.10,5.812,0.94,3058,0,0,0,0.0
opal,update-heavy,64,2000000,0.10,3.336,7.69,136511222,0,3230539,411,7860.2
mcsrw,balanced,16,2000000,0.10,3.178,62.02,0,0,0,0,0.0
optiql,balanced,16,2000000,0.10,12.530,10.73,12730265,0,0,0,0.0
opal,balanced,16,2000000,0.10,13.078,7.35,49210831,0,7653570,2336,3276.4
mcsrw,balanced,32,2000000,0.10,0.003,349995.43,0,0,0,0,0.0
optiql,balanced,32,2000000,0.10,6.538,0.98,1819687,0,0,0,0.0
opal,balanced,32,2000000,0.10,4.946,9.10,283332801,0,2913249,2987,975.3
mcsrw,balanced,48,2000000,0.10,0.002,695869.22,0,0,0,0,0.0
optiql,balanced,48,2000000,0.10,5.146,0.95,6116805,0,0,0,0.0
opal,balanced,48,2000000,0.10,3.358,8.52,430449398,0,2007759,5633,356.4
mcsrw,balanced,64,2000000,0.10,0.001,970495.76,0,0,0,0,0.0
optiql,balanced,64,2000000,0.10,6.022,0.94,10512,0,0,0,0.0
opal,balanced,64,2000000,0.10,5.174,7.75,286839454,0,3146099,12276,256.3
mcsrw,update-heavy,16,2000000,0.10,3.663,76.26,0,0,0,0,0.0
optiql,update-heavy,16,2000000,0.10,9.913,12.40,4309588,0,0,0,0.0
opal,update-heavy,16,2000000,0.10,10.640,7.13,13695121,0,9909428,1690,5863.6
mcsrw,update-heavy,32,2000000,0.10,0.001,349823.52,0,0,0,0,0.0
optiql,update-heavy,32,2000000,0.10,6.380,0.95,1865,0,0,0,0.0
opal,update-heavy,32,2000000,0.10,3.515,7.62,131767520,0,3334692,727,4586.9
mcsrw,update-heavy,48,2000000,0.10,0.002,995961.68,0,0,0,0,0.0
optiql,update-heavy,48,2000000,0.10,5.613,0.97,2185693,0,0,0,0.0
opal,update-heavy,48,2000000,0.10,4.088,7.47,203766922,0,3583131,41918,85.5
mcsrw,update-heavy,64,2000000,0.10,0.003,741074.45,0,0,0,0,0.0
optiql,update-heavy,64,2000000,0.10,2.773,2.78,2853714,0,0,0,0.0
opal,update-heavy,64,2000000,0.10,3.121,7.77,238838779,0,2996738,402,7454.6
mcsrw,balanced,16,2000000,0.10,0.015,31159.49,0,0,0,0,0.0
optiql,balanced,16,2000000,0.10,11.169,10.50,15831279,0,0,0,0.0
opal,balanced,16,2000000,0.10,12.887,7.50,49237161,0,7549691,1714,4404.7
mcsrw,balanced,32,2000000,0.10,0.004,307270.62,0,0,0,0,0.0
optiql,balanced,32,2000000,0.10,6.328,0.96,14577,0,0,0,0.0
opal,balanced,32,2000000,0.10,5.219,8.49,284307818,0,3074030,754,4077.0
mcsrw,balanced,48,2000000,0.10,0.002,1027073.48,0,0,0,0,0.0
optiql,balanced,48,2000000,0.10,5.344,0.97,9348487,0,0,0,0.0
opal,balanced,48,2000000,0.10,4.375,8.81,476370051,0,2714131,4642,584.7
mcsrw,balanced,64,2000000,0.10,0.012,482315.09,0,0,0,0,0.0
optiql,balanced,64,2000000,0.10,5.683,0.92,2477208,0,0,0,0.0
opal,balanced,64,2000000,0.10,3.525,8.46,190630088,0,2176494,9541,228.1
mcsrw,update-heavy,16,2000000,0.10,2.976,145.76,0,0,0,0,0.0
optiql,update-heavy,16,2000000,0.10,9.754,12.07,4064462,0,0,0,0.0
opal,update-heavy,16,2000000,0.10,10.573,7.18,13562911,0,9855684,3615,2726.3
mcsrw,update-heavy,32,2000000,0.10,0.002,297295.49,0,0,0,0,0.0
optiql,update-heavy,32,2000000,0.10,5.445,0.98,2915683,0,0,0,0.0
opal,update-heavy,32,2000000,0.10,3.829,7.54,87499239,0,3589531,3437,1044.4
mcsrw,update-heavy,48,2000000,0.10,0.001,926775.84,0,0,0,0,0.0
optiql,update-heavy,48,2000000,0.10,5.663,0.99,4844,0,0,0,0.0
opal,update-heavy,48,2000000,0.10,3.488,7.19,171082565,0,2925048,8954,326.7
mcsrw,update-heavy,64,2000000,0.10,0.001,889258.18,0,0,0,0,0.0
optiql,update-heavy,64,2000000,0.10,5.698,0.95,2542981,0,0,0,0.0
opal,update-heavy,64,2000000,0.10,3.797,7.57,181310922,0,3316906,18590,178.4
